[
    {
        "timestamp": "2024-06-19 07:06:45",
        "who": "Hari",
        "activity": "Logged out"
    },
    {
        "timestamp": "2024-06-19 07:06:12",
        "who": "Hari",
        "activity": "Logged in"
    },
    {
        "timestamp": "2024-06-18 21:38:33",
        "who": "Hari",
        "activity": "Logged in"
    },
    {
        "timestamp": "2024-06-16 00:23:02",
        "who": "Hari",
        "activity": "Logged out"
    },
    {
        "timestamp": "2024-06-16 00:22:45",
        "who": "Hari",
        "activity": "Logged in"
    },
    {
        "timestamp": "2024-06-14 15:00:03",
        "who": "Hari",
        "activity": "Logged in"
    },
    {
        "timestamp": "2024-06-14 14:43:28",
        "who": "Hari",
        "activity": "Logged out"
    },
    {
        "timestamp": "2024-06-14 14:42:35",
        "who": "Hari",
        "activity": "Logged in"
    },
    {
        "timestamp": "2024-06-14 12:48:41",
        "who": "Hari",
        "activity": "Logged out"
    },
    {
        "timestamp": "2024-06-14 12:40:36",
        "who": "Hari",
        "activity": "Logged in"
    },
    {
        "timestamp": "2024-06-14 09:34:32",
        "who": "Hari",
        "activity": "Logged out"
    },
    {
        "timestamp": "2024-06-14 09:29:03",
        "who": "Hari",
        "activity": "Logged in"
    },
    {
        "timestamp": "2024-06-14 09:26:22",
        "who": "Hari",
        "activity": "Logged out"
    },
    {
        "timestamp": "2024-06-14 09:26:16",
        "who": "Hari",
        "activity": "Logged in"
    },
    {
        "timestamp": "2024-06-14 09:25:33",
        "who": "Hari",
        "activity": "Logged out"
    },
    {
        "timestamp": "2024-06-14 09:22:50",
        "who": "Hari",
        "activity": "Logged in"
    },
    {
        "timestamp": "2024-06-13 23:52:55",
        "who": "Hari",
        "activity": "Logged in"
    },
    {
        "timestamp": "2024-06-13 20:21:28",
        "who": "Hari",
        "activity": "Logged out"
    },
    {
        "timestamp": "2024-06-13 20:20:58",
        "who": "Hari",
        "activity": "Logged in"
    },
    {
        "timestamp": "2024-06-13 16:07:22",
        "who": "Hari",
        "activity": "Logged out"
    },
    {
        "timestamp": "2024-06-13 16:06:46",
        "who": "Hari",
        "activity": "Logged in"
    }
]