[
    {
        "timestamp": "2024-06-19 11:06:03",
        "who": "admin",
        "activity": {
            "What": "Booked Admission",
            "0": {
                "customer_details": {
                    "name": "Narayan GC",
                    "phone": "9867457645",
                    "car": "Four Wheeler  i10\/ 12Km ",
                    "timeSlot": "7:30am to 8:00am",
                    "addmission_date": "2024-06-19",
                    "days": 5,
                    "started_at": "2024-06-19",
                    "ended_at": "2024-06-23",
                    "formfiller": "admin"
                }
            }
        }
    },
    {
        "timestamp": "2024-06-14 23:13:12",
        "who": "admin",
        "activity": {
            "What": "Booked Admission",
            "0": {
                "customer_details": {
                    "name": "Aaayog chaudhary",
                    "phone": "9812028790",
                    "car": "Four Wheeler  i10\/ 6Km ",
                    "timeSlot": "8:00am to 8:30am",
                    "addmission_date": "2024-06-14",
                    "days": 5,
                    "started_at": "2024-06-15",
                    "ended_at": "2024-06-18",
                    "formfiller": "admin"
                }
            }
        }
    },
    {
        "timestamp": "2024-06-14 23:06:39",
        "who": "admin",
        "activity": {
            "What": "Booked Admission",
            "0": {
                "customer_details": {
                    "name": "karan Chaudhary",
                    "phone": "9815823467",
                    "car": "Four Wheeler  i10\/ 12Km ",
                    "timeSlot": "1:00pm to 1:30pm",
                    "addmission_date": "2024-06-14",
                    "days": 12,
                    "started_at": "2024-06-14",
                    "ended_at": "2024-06-25",
                    "formfiller": "admin"
                }
            }
        }
    },
    {
        "timestamp": "2024-06-13 20:16:59",
        "who": "admin",
        "activity": {
            "What": "Booked Admission",
            "0": {
                "customer_details": {
                    "name": "karan",
                    "phone": "9815875939",
                    "car": "Two Wheeler\/ 30 mins ",
                    "timeSlot": null,
                    "addmission_date": "2024-06-13",
                    "days": 20,
                    "started_at": "2024-06-14",
                    "ended_at": "2024-07-06",
                    "formfiller": "admin"
                }
            }
        }
    },
    {
        "timestamp": "2024-06-13 15:39:26",
        "who": "admin",
        "activity": {
            "What": "Booked Admission",
            "0": {
                "customer_details": {
                    "name": "manish singh",
                    "phone": "9815858026",
                    "car": "Two Wheeler\/  mins ",
                    "timeSlot": "1:00pm to 1:45pm",
                    "addmission_date": "2024-06-13",
                    "days": 5,
                    "started_at": "2024-06-14",
                    "ended_at": "2024-06-19",
                    "formfiller": "admin"
                }
            }
        }
    },
    {
        "timestamp": "2024-06-13 15:35:08",
        "who": "admin",
        "activity": {
            "What": "Booked Admission",
            "0": {
                "customer_details": {
                    "name": "Jenish Singh",
                    "phone": "9812198621",
                    "car": "Two Wheeler\/ 30 mins ",
                    "timeSlot": "5:30pm to 6:15pm",
                    "addmission_date": "2024-06-13",
                    "days": 15,
                    "started_at": "2024-06-13",
                    "ended_at": "2024-06-29",
                    "formfiller": "admin"
                }
            }
        }
    },
    {
        "timestamp": "2024-06-13 15:28:10",
        "who": "admin",
        "activity": {
            "What": "Booked Admission",
            "0": {
                "customer_details": {
                    "name": "Jenish Singh",
                    "phone": "9812198622",
                    "car": "Four Wheeler  i10\/ Km ",
                    "timeSlot": "4:30pm to 5:00pm",
                    "addmission_date": "2024-06-13",
                    "days": 15,
                    "started_at": "2024-06-13",
                    "ended_at": "2024-06-27",
                    "formfiller": "admin"
                }
            }
        }
    }
]