[
    {
        "timestamp": "2024-06-26 20:38:33",
        "who": "admin",
        "activity": "Logged in"
    },
    {
        "timestamp": "2024-06-26 07:31:31",
        "who": "admin",
        "activity": "Logged out"
    },
    {
        "timestamp": "2024-06-26 07:31:24",
        "who": "admin",
        "activity": {
            "What": "Added one day to Customer in timetable",
            "0": {
                "customer_details": {
                    "name": "Abhyas bimali",
                    "phone": "9845678954"
                },
                "changed_things": {
                    "car": "i10",
                    "date": {
                        "0ld": "2024-07-05",
                        "new": "2024-07-06"
                    }
                }
            }
        }
    },
    {
        "timestamp": "2024-06-26 07:30:52",
        "who": "admin",
        "activity": "Logged in"
    },
    {
        "timestamp": "2024-06-24 06:55:51",
        "who": "admin",
        "activity": "Logged in"
    },
    {
        "timestamp": "2024-06-19 11:04:12",
        "who": "admin",
        "activity": "Logged in"
    },
    {
        "timestamp": "2024-06-19 10:41:45",
        "who": "admin",
        "activity": "Logged out"
    },
    {
        "timestamp": "2024-06-19 10:35:35",
        "who": "admin",
        "activity": "Logged in"
    },
    {
        "timestamp": "2024-06-19 10:34:58",
        "who": "admin",
        "activity": "Logged out"
    },
    {
        "timestamp": "2024-06-19 10:34:39",
        "who": "admin",
        "activity": "Logged in"
    },
    {
        "timestamp": "2024-06-19 07:49:35",
        "who": "admin",
        "activity": "Logged in"
    },
    {
        "timestamp": "2024-06-19 07:49:33",
        "who": "admin",
        "activity": "Logged out"
    },
    {
        "timestamp": "2024-06-19 07:46:26",
        "who": "admin",
        "activity": "Logged in"
    },
    {
        "timestamp": "2024-06-19 07:46:25",
        "who": "admin",
        "activity": "Logged out"
    },
    {
        "timestamp": "2024-06-19 07:46:21",
        "who": "admin",
        "activity": "Logged in"
    },
    {
        "timestamp": "2024-06-19 07:45:44",
        "who": "admin",
        "activity": "Logged out"
    },
    {
        "timestamp": "2024-06-19 07:45:23",
        "who": "admin",
        "activity": "Logged in"
    },
    {
        "timestamp": "2024-06-19 07:44:56",
        "who": "admin",
        "activity": "Logged out"
    },
    {
        "timestamp": "2024-06-19 07:33:44",
        "who": "admin",
        "activity": "Logged in"
    },
    {
        "timestamp": "2024-06-19 07:06:59",
        "who": "admin",
        "activity": "Logged in"
    },
    {
        "timestamp": "2024-06-18 21:38:28",
        "who": "admin",
        "activity": "Logged out"
    },
    {
        "timestamp": "2024-06-18 21:37:07",
        "who": "admin",
        "activity": {
            "What": "Added one day to Customer in timetable",
            "0": {
                "customer_details": {
                    "name": "Rabisha Tharu",
                    "phone": "9824267189"
                },
                "changed_things": {
                    "car": "i10",
                    "date": {
                        "0ld": "2024-06-25",
                        "new": "2024-06-26"
                    }
                }
            }
        }
    },
    {
        "timestamp": "2024-06-18 21:36:39",
        "who": "admin",
        "activity": "Logged in"
    },
    {
        "timestamp": "2024-06-18 20:29:56",
        "who": "admin",
        "activity": "Logged in"
    },
    {
        "timestamp": "2024-06-18 15:37:27",
        "who": "admin",
        "activity": "Logged in"
    },
    {
        "timestamp": "2024-06-18 15:34:32",
        "who": "admin",
        "activity": "Logged out"
    },
    {
        "timestamp": "2024-06-18 15:34:11",
        "who": "admin",
        "activity": "Logged in"
    },
    {
        "timestamp": "2024-06-18 14:43:27",
        "who": "admin",
        "activity": "Logged in"
    },
    {
        "timestamp": "2024-06-18 14:34:40",
        "who": "admin",
        "activity": {
            "What": "Added one day to Customer in timetable",
            "0": {
                "customer_details": {
                    "name": "Abhyas bimali",
                    "phone": "9845678954"
                },
                "changed_things": {
                    "car": "i10",
                    "date": {
                        "0ld": "2024-07-04",
                        "new": "2024-07-05"
                    }
                }
            }
        }
    },
    {
        "timestamp": "2024-06-18 14:33:41",
        "who": "admin",
        "activity": {
            "What": "Subtracted one day to Customer in timetable",
            "0": {
                "customer_details": {
                    "name": "Abhyas bimali",
                    "phone": "9845678954"
                },
                "changed_things": {
                    "car": "i10",
                    "date": {
                        "0ld": "2024-07-05",
                        "new": "2024-07-04"
                    }
                }
            }
        }
    },
    {
        "timestamp": "2024-06-18 14:31:37",
        "who": "admin",
        "activity": "Logged in"
    },
    {
        "timestamp": "2024-06-18 14:00:20",
        "who": "admin",
        "activity": {
            "What": "Added one day to Customer in timetable",
            "0": {
                "customer_details": {
                    "name": "Abhyas bimali",
                    "phone": "9845678954"
                },
                "changed_things": {
                    "car": "i10",
                    "date": {
                        "0ld": "2024-07-04",
                        "new": "2024-07-05"
                    }
                }
            }
        }
    },
    {
        "timestamp": "2024-06-18 14:00:13",
        "who": "admin",
        "activity": {
            "What": "Subtracted one day to Customer in timetable",
            "0": {
                "customer_details": {
                    "name": "Abhyas bimali",
                    "phone": "9845678954"
                },
                "changed_things": {
                    "car": "i10",
                    "date": {
                        "0ld": "2024-07-05",
                        "new": "2024-07-04"
                    }
                }
            }
        }
    },
    {
        "timestamp": "2024-06-18 13:59:34",
        "who": "admin",
        "activity": "Logged in"
    },
    {
        "timestamp": "2024-06-18 13:56:51",
        "who": "admin",
        "activity": "Logged in"
    },
    {
        "timestamp": "2024-06-18 11:24:15",
        "who": "admin",
        "activity": "Logged out"
    },
    {
        "timestamp": "2024-06-18 11:21:55",
        "who": "admin",
        "activity": "Logged in"
    },
    {
        "timestamp": "2024-06-18 11:20:05",
        "who": "admin",
        "activity": "Logged in"
    },
    {
        "timestamp": "2024-06-18 11:10:20",
        "who": "admin",
        "activity": "Logged in"
    },
    {
        "timestamp": "2024-06-18 10:50:30",
        "who": "admin",
        "activity": "Logged out"
    },
    {
        "timestamp": "2024-06-18 10:48:20",
        "who": "admin",
        "activity": "Logged in"
    },
    {
        "timestamp": "2024-06-18 10:47:20",
        "who": "admin",
        "activity": "Logged in"
    },
    {
        "timestamp": "2024-06-17 11:44:33",
        "who": "admin",
        "activity": "Logged in"
    },
    {
        "timestamp": "2024-06-16 00:22:37",
        "who": "admin",
        "activity": "Logged out"
    },
    {
        "timestamp": "2024-06-16 00:21:02",
        "who": "admin",
        "activity": "Logged in"
    },
    {
        "timestamp": "2024-06-16 00:11:40",
        "who": "admin",
        "activity": "Customer Jenish Singh has been removed form database | Details:- Name: Jenish Singh Phone: 9812198622"
    },
    {
        "timestamp": "2024-06-16 00:09:43",
        "who": "admin",
        "activity": {
            "What": "Modified Data in timetable and Customer database",
            "0": {
                "customer_details": {
                    "name": "Aaayog chaudhary",
                    "phone": "9812028790"
                },
                "changed_things": {
                    "car": {
                        "old": "i10",
                        "new": "liva"
                    },
                    "timeSlot": {
                        "0ld": "8:00am to 8:30am",
                        "new": null
                    }
                }
            }
        }
    },
    {
        "timestamp": "2024-06-16 00:08:27",
        "who": "admin",
        "activity": "Logged in"
    },
    {
        "timestamp": "2024-06-16 00:05:18",
        "who": "admin",
        "activity": "Logged in"
    },
    {
        "timestamp": "2024-06-15 23:21:54",
        "who": "admin",
        "activity": "Logged in"
    },
    {
        "timestamp": "2024-06-15 20:29:09",
        "who": "admin",
        "activity": "Logged in"
    },
    {
        "timestamp": "2024-06-15 20:29:04",
        "who": "admin",
        "activity": "Logged out"
    },
    {
        "timestamp": "2024-06-15 20:27:03",
        "who": "admin",
        "activity": {
            "What": "Added one day to Customer in timetable",
            "0": {
                "customer_details": {
                    "name": "Aaayog chaudhary",
                    "phone": "9812028790"
                },
                "changed_things": {
                    "car": "i10",
                    "date": {
                        "0ld": "2024-06-17",
                        "new": "2024-06-18"
                    }
                }
            }
        }
    },
    {
        "timestamp": "2024-06-15 20:26:59",
        "who": "admin",
        "activity": {
            "What": "Added one day to Customer in timetable",
            "0": {
                "customer_details": {
                    "name": "Aaayog chaudhary",
                    "phone": "9812028790"
                },
                "changed_things": {
                    "car": "i10",
                    "date": {
                        "0ld": "2024-06-16",
                        "new": "2024-06-17"
                    }
                }
            }
        }
    },
    {
        "timestamp": "2024-06-15 20:26:57",
        "who": "admin",
        "activity": {
            "What": "Subtracted one day to Customer in timetable",
            "0": {
                "customer_details": {
                    "name": "Aaayog chaudhary",
                    "phone": "9812028790"
                },
                "changed_things": {
                    "car": "i10",
                    "date": {
                        "0ld": "2024-06-17",
                        "new": "2024-06-16"
                    }
                }
            }
        }
    },
    {
        "timestamp": "2024-06-15 20:26:54",
        "who": "admin",
        "activity": {
            "What": "Subtracted one day to Customer in timetable",
            "0": {
                "customer_details": {
                    "name": "Aaayog chaudhary",
                    "phone": "9812028790"
                },
                "changed_things": {
                    "car": "i10",
                    "date": {
                        "0ld": "2024-06-18",
                        "new": "2024-06-17"
                    }
                }
            }
        }
    },
    {
        "timestamp": "2024-06-15 20:25:00",
        "who": "admin",
        "activity": "Logged in"
    },
    {
        "timestamp": "2024-06-15 17:07:14",
        "who": "admin",
        "activity": "Logged in"
    },
    {
        "timestamp": "2024-06-15 08:48:36",
        "who": "admin",
        "activity": "Logged in"
    },
    {
        "timestamp": "2024-06-14 23:28:50",
        "who": "admin",
        "activity": "Logged in"
    },
    {
        "timestamp": "2024-06-14 22:59:08",
        "who": "admin",
        "activity": "Logged in"
    },
    {
        "timestamp": "2024-06-14 21:27:45",
        "who": "admin",
        "activity": "Logged in"
    },
    {
        "timestamp": "2024-06-14 21:21:03",
        "who": "admin",
        "activity": "Logged in"
    },
    {
        "timestamp": "2024-06-14 21:12:55",
        "who": "admin",
        "activity": "Logged in"
    },
    {
        "timestamp": "2024-06-14 16:07:17",
        "who": "admin",
        "activity": "Logged in"
    },
    {
        "timestamp": "2024-06-14 14:43:50",
        "who": "admin",
        "activity": "Logged in"
    },
    {
        "timestamp": "2024-06-14 14:42:25",
        "who": "admin",
        "activity": "Logged out"
    },
    {
        "timestamp": "2024-06-14 14:39:10",
        "who": "admin",
        "activity": "Logged in"
    },
    {
        "timestamp": "2024-06-14 14:39:07",
        "who": "admin",
        "activity": "Logged out"
    },
    {
        "timestamp": "2024-06-14 14:37:33",
        "who": "admin",
        "activity": "Logged in"
    },
    {
        "timestamp": "2024-06-14 14:36:15",
        "who": "admin",
        "activity": "Logged in"
    },
    {
        "timestamp": "2024-06-14 14:05:13",
        "who": "admin",
        "activity": "Logged out"
    },
    {
        "timestamp": "2024-06-14 14:03:05",
        "who": "admin",
        "activity": "Logged in"
    },
    {
        "timestamp": "2024-06-14 12:52:53",
        "who": "admin",
        "activity": "Logged out"
    },
    {
        "timestamp": "2024-06-14 12:50:52",
        "who": "admin",
        "activity": "Logged in"
    },
    {
        "timestamp": "2024-06-14 12:50:21",
        "who": "admin",
        "activity": "Logged out"
    },
    {
        "timestamp": "2024-06-14 12:48:46",
        "who": "admin",
        "activity": "Logged in"
    },
    {
        "timestamp": "2024-06-14 09:28:58",
        "who": "admin",
        "activity": "Logged out"
    },
    {
        "timestamp": "2024-06-14 09:26:27",
        "who": "admin",
        "activity": "Logged in"
    },
    {
        "timestamp": "2024-06-14 09:22:45",
        "who": "admin",
        "activity": "Logged out"
    },
    {
        "timestamp": "2024-06-14 09:20:34",
        "who": "admin",
        "activity": "Logged in"
    },
    {
        "timestamp": "2024-06-13 23:52:46",
        "who": "admin",
        "activity": "Logged out"
    },
    {
        "timestamp": "2024-06-13 23:39:55",
        "who": "admin",
        "activity": "Logged in"
    },
    {
        "timestamp": "2024-06-13 21:14:01",
        "who": "admin",
        "activity": "Logged in"
    },
    {
        "timestamp": "2024-06-13 21:03:12",
        "who": "admin",
        "activity": "Logged in"
    },
    {
        "timestamp": "2024-06-13 20:39:24",
        "who": "admin",
        "activity": "Logged out"
    },
    {
        "timestamp": "2024-06-13 20:38:56",
        "who": "admin",
        "activity": "Logged in"
    },
    {
        "timestamp": "2024-06-13 20:38:46",
        "who": "admin",
        "activity": "Logged out"
    },
    {
        "timestamp": "2024-06-13 20:34:46",
        "who": "admin",
        "activity": "Logged in"
    },
    {
        "timestamp": "2024-06-13 20:21:33",
        "who": "admin",
        "activity": "Logged in"
    },
    {
        "timestamp": "2024-06-13 20:20:50",
        "who": "admin",
        "activity": "Logged out"
    },
    {
        "timestamp": "2024-06-13 20:18:43",
        "who": "admin",
        "activity": {
            "What": "Subtracted one day to Customer in timetable",
            "0": {
                "customer_details": {
                    "name": "Jenish Singh",
                    "phone": "9812198622"
                },
                "changed_things": {
                    "car": "i10",
                    "date": {
                        "0ld": "2024-06-27",
                        "new": "2024-06-26"
                    }
                }
            }
        }
    },
    {
        "timestamp": "2024-06-13 20:15:13",
        "who": "admin",
        "activity": "Logged in"
    },
    {
        "timestamp": "2024-06-13 16:07:48",
        "who": "admin",
        "activity": "Logged out"
    },
    {
        "timestamp": "2024-06-13 16:07:29",
        "who": "admin",
        "activity": "Logged in"
    },
    {
        "timestamp": "2024-06-13 16:06:42",
        "who": "admin",
        "activity": "Logged out"
    },
    {
        "timestamp": "2024-06-13 16:06:24",
        "who": "admin",
        "activity": "Logged in"
    },
    {
        "timestamp": "2024-06-13 16:06:05",
        "who": "admin",
        "activity": "Logged out"
    },
    {
        "timestamp": "2024-06-13 16:05:47",
        "who": "admin",
        "activity": "Logged in"
    },
    {
        "timestamp": "2024-06-13 16:05:23",
        "who": "admin",
        "activity": "Logged out"
    },
    {
        "timestamp": "2024-06-13 16:00:23",
        "who": "admin",
        "activity": {
            "What": "Subtracted one day to Customer in timetable",
            "0": {
                "customer_details": {
                    "name": "Jenish Singh",
                    "phone": "9812198622"
                },
                "changed_things": {
                    "car": "i10",
                    "date": {
                        "0ld": "2024-06-28",
                        "new": "2024-06-27"
                    }
                }
            }
        }
    },
    {
        "timestamp": "2024-06-13 16:00:20",
        "who": "admin",
        "activity": {
            "What": "Added one day to Customer in timetable",
            "0": {
                "customer_details": {
                    "name": "Jenish Singh",
                    "phone": "9812198622"
                },
                "changed_things": {
                    "car": "i10",
                    "date": {
                        "0ld": "2024-06-27",
                        "new": "2024-06-28"
                    }
                }
            }
        }
    },
    {
        "timestamp": "2024-06-13 15:36:51",
        "who": "admin",
        "activity": "Logged in"
    },
    {
        "timestamp": "2024-06-13 15:11:03",
        "who": "admin",
        "activity": "Logged in"
    }
]